D0501,PK0502,PK0505,PK0515,PK0516
D0502,PK0513
D0503,PK0502,PK0503,PK0537,PK0538,PK0574,PK0579,PK0580,PK0581,PK0582
D0504,PK0507
D0505,PK0545,PK0578
D0506,PK0544,PK0546,PK0547
D0507,PK0507
D0508,PK0507
D0509,PK0573
D0510,PK0573
D0511,PK0511,PK0545,PK0578
D0512,PK0510,PK0511,PK0578
D0513,PK0508,PK0577
D0514,PK0575,PK0577
D0515,PK0552
D0516,PK0552
D0517,PK0511,PK0545
D0518,PK0545,PK0581
D0519,UK07
D0520,UK07
D0521,UK07
D0522,UK07
D0523,UK05
D0524,UK01,UK05
D0525,UK08
D0526,UK04
D0527,UK07
D0528,UK02,UK03,UK06
D0529,UK09
D0530,UK05
D0531,UK04
D0532,UK10
D0533,UK05
D0534,UK03
D0535,OPK2
D0536,OPK5
D0537,OPK2,OPK3
D0538,OPK2,OPK3
D0539,OPK1
D0540,OPK4
D0541,OPK2
D0542,OPK2
D0543,OPK2
D0544,OPK3,PK0574
D0545,OPK2,PK0513
D0546,OPK3,PK0565
D0547,PK0514,PK0573,PK0574,PK0575,PK0577
D0548,OPK2,PK0565,PK0566
D0549,OPK2,OPK3
D0550,OPK4,PK0537,UK03
D0551,OPK5,PK0505
D0552,OPK2
D0553,OPK6,PK0563
D0554,PK0535,PK0545,PK0564
D0555,PK0503,PK0508,PK0509,PK0510,PK0535
D0556,OPK3,PK0501,PK0512
D0557,PK0501,PK0502,PK0504,PK0505,PK0506,PK0512
D0558,PK0501,PK0505,PK0506
D0559,PK0514,PK0572,PK0573,PK0576
D0560,PK0501,PK0518
D0561,PK0502,PK0504,PK0505,AII1
D0562,PK0510,PK0517,PK0536,PK0538,PK0539,PK0540,PK0541,PK0542,PK0543,PK0548,PK0549,PK0550,PK0551,PK0552
D0563,PK0501,PK0502,PK0504,PK0515,PK0516,PK0517
D0564,PK0517,PK0544,PK0546,PK0547
D0565,OPK6
D0566,PK0507